building_type,sign_category,sign_type,examples,typical_placement,navigation_role,interaction_role,priority,notes
hospital,directional,department_direction,"Radiology arrow; Surgery arrow; Emergency arrow","ceiling hung; corridor junction; wall mounted","route choice before decision point","reduces stress and help seeking",high,"Hospitals are high stress and signage dense"
hospital,identification,department_label,"Radiology; Pharmacy; Registration; Triage","above doorway; reception zone; wall mounted","confirms destination","supports service interaction",high,"Should be visible before entry"
hospital,identification,room_number,"Room 204; Exam Room 3; Ward B12","door mounted; beside door","confirms exact room","supports patient visitor staff coordination",high,"Small but critical"
hospital,safety,exit_sign,"EXIT; Fire Exit; Emergency Exit","over doors; corridor ceiling","evacuation and emergency routing","supports emergency movement",critical,"Needs visibility from circulation paths"
hospital,regulatory,restricted_access,"Staff Only; Authorized Personnel; Isolation Area","door mounted; wall mounted","prevents wrong entry","controls privacy and safety",high,"Often near thresholds"
hospital,amenity,toilet_sign,"Restroom; WC; Accessible toilet","corridor wall; ceiling hung; near doors","locates amenity","reduces navigational help seeking",high,"Use icons and text"
hospital,directory,floor_directory,"You are here map; department list","lobby; elevator lobby; reception","global orientation","supports first time navigation",high,"Often used before movement starts"
hospital,zone,color_zone,"Blue Zone; Green Wing; Ward C","walls; overhead; floor stripe","route chunking and memory support","reduces confusion",medium,"Useful for large buildings"
office,identification,reception_sign,"Reception; Welcome desk; Company name","lobby wall; desk front","entry orientation","supports service interaction",high,"First sign seen by visitor"
office,identification,meeting_room_name,"Board Room; Ocean; Room 7A","door mounted; glass wall","confirms destination","supports meeting coordination",high,"Often paired with digital schedule"
office,digital,meeting_room_display,"room booking tablet; schedule panel","beside meeting room door","confirms occupancy and schedule","supports collaboration and turn taking",high,"Important for social coordination"
office,identification,room_number,"305; 4B; Suite 210","door frame; wall beside door","confirms destination","supports office finding",high,"Small but frequent"
office,directional,toilet_direction,"Restrooms arrow; WC arrow","corridor junction; wall mounted","route choice","reduces interruption and help seeking",medium,"Often near elevator cores"
office,safety,exit_sign,"EXIT; Emergency Exit","over door; ceiling hung","emergency routing","supports evacuation",critical,"Mandatory and high value"
office,directory,floor_directory,"tenant list; office map","elevator lobby; reception","global orientation","supports visitor navigation",medium,"Useful in multi tenant offices"
office,regulatory,access_control,"Employees Only; Visitors Check In","threshold; door; security desk","controls access","shapes social permission",medium,"Important for public private boundary"
university,identification,room_number,"Lecture Hall 102; Lab 2B","door mounted; wall mounted","confirms destination","supports class attendance",high,"Room number legibility matters"
university,directional,department_direction,"Computer Science arrow; Library arrow","corridor junction; lobby","route choice","supports help seeking and wayfinding",high,"Useful for first time visitors"
university,temporary,event_poster,"Seminar today; Career fair","bulletin board; hallway; entrance","event discovery","supports optional social participation",medium,"Not all text is navigational"
airport,directional,gate_direction,"Gates A1-A20; Baggage Claim; Security","overhead; corridor junction","route choice under time pressure","supports crowd movement",critical,"High density sign ecosystem"
airport,identification,gate_label,"Gate 34; Boarding","above gate; digital display","destination confirmation","supports queuing and boarding",critical,"Digital and dynamic"
airport,safety,exit_sign,"Emergency Exit","over door; ceiling","evacuation","supports emergency movement",critical,"Must not be confused with wayfinding arrows"
mall,directory,map_directory,"store map; you are here","entrance; central atrium; elevator","global orientation","supports browsing and destination choice",medium,"Navigation plus commercial discovery"
mall,identification,storefront_sign,"brand logo; shop name","storefront fascia","destination confirmation","supports shopping interaction",medium,"Brand signage may not aid route choice"
museum,directional,gallery_direction,"Gallery 2; Exit through gift shop","junction; wall mounted","route choice","supports curated movement",medium,"Often blends with exhibition design"
museum,identification,exhibit_label,"title label; artist label","beside object; wall mounted","interpretation not navigation","supports learning interaction",low,"Important but not wayfinding"
